Game_Date,Game_Time,Game_Network,Away_Team,Away_Record,Home_Team,Home_Record,Team,Player,Position,Injuries,Practice_Status,Game_Status
Thursday October 30,8:15 PM EDT,Prime Video,Ravens,2-5,Dolphins,2-6,Ravens,Teddye Buchanan,LB,,Full Participation in Practice,
Thursday October 30,8:15 PM EDT,Prime Video,Ravens,2-5,Dolphins,2-6,Ravens,Lamar Jackson,QB,,Full Participation in Practice,
Thursday October 30,8:15 PM EDT,Prime Video,Ravens,2-5,Dolphins,2-6,Ravens,Ronnie Stanley,T,,Full Participation in Practice,
Thursday October 30,8:15 PM EDT,Prime Video,Ravens,2-5,Dolphins,2-6,Ravens,T.J. Tampa,CB,,Full Participation in Practice,
Thursday October 30,8:15 PM EDT,Prime Video,Ravens,2-5,Dolphins,2-6,Ravens,Nate Wiggins,CB,,Full Participation in Practice,
Thursday October 30,8:15 PM EDT,Prime Video,Ravens,2-5,Dolphins,2-6,Dolphins,Elijah Campbell,S,,Full Participation in Practice,
Thursday October 30,8:15 PM EDT,Prime Video,Ravens,2-5,Dolphins,2-6,Dolphins,Bradley Chubb,LB,"Shoulder, Foot",Limited Participation in Practice,Questionable
Thursday October 30,8:15 PM EDT,Prime Video,Ravens,2-5,Dolphins,2-6,Dolphins,Ashtyn Davis,S,Quadricep,Did Not Participate In Practice,Doubtful
Thursday October 30,8:15 PM EDT,Prime Video,Ravens,2-5,Dolphins,2-6,Dolphins,Storm Duck,CB,,Did Not Participate In Practice,
Thursday October 30,8:15 PM EDT,Prime Video,Ravens,2-5,Dolphins,2-6,Dolphins,Dee Eskridge,WR,Shoulder,Full Participation in Practice,Questionable
Thursday October 30,8:15 PM EDT,Prime Video,Ravens,2-5,Dolphins,2-6,Dolphins,Minkah Fitzpatrick,S,,Full Participation in Practice,
Thursday October 30,8:15 PM EDT,Prime Video,Ravens,2-5,Dolphins,2-6,Dolphins,Julian Hill,TE,Ankle,Did Not Participate In Practice,Out
Thursday October 30,8:15 PM EDT,Prime Video,Ravens,2-5,Dolphins,2-6,Dolphins,Alec Ingold,FB,,Full Participation in Practice,
Thursday October 30,8:15 PM EDT,Prime Video,Ravens,2-5,Dolphins,2-6,Dolphins,Jason Marshall Jr.,CB,Hamstring,Full Participation in Practice,Questionable
Thursday October 30,8:15 PM EDT,Prime Video,Ravens,2-5,Dolphins,2-6,Dolphins,Ifeatu Melifonwu,S,Thumb,Full Participation in Practice,Questionable
Thursday October 30,8:15 PM EDT,Prime Video,Ravens,2-5,Dolphins,2-6,Dolphins,Tua Tagovailoa,QB,,Full Participation in Practice,
Thursday October 30,8:15 PM EDT,Prime Video,Ravens,2-5,Dolphins,2-6,Dolphins,Dante Trader Jr.,S,,Full Participation in Practice,
Thursday October 30,8:15 PM EDT,Prime Video,Ravens,2-5,Dolphins,2-6,Dolphins,Malik Washington,WR,,Full Participation in Practice,
Sunday November 2,1:00 PM EST,CBS,Falcons,3-4,Patriots,6-2,Falcons,Jessie Bates,S,,Limited Participation in Practice,
Sunday November 2,1:00 PM EST,CBS,Falcons,3-4,Patriots,6-2,Falcons,Billy Bowman Jr.,CB,,Limited Participation in Practice,
Sunday November 2,1:00 PM EST,CBS,Falcons,3-4,Patriots,6-2,Falcons,Leonard Floyd,LB,,Did Not Participate In Practice,
Sunday November 2,1:00 PM EST,CBS,Falcons,3-4,Patriots,6-2,Falcons,Zach Harrison,DT,,Did Not Participate In Practice,
Sunday November 2,1:00 PM EST,CBS,Falcons,3-4,Patriots,6-2,Falcons,Drake London,WR,,Limited Participation in Practice,
Sunday November 2,1:00 PM EST,CBS,Falcons,3-4,Patriots,6-2,Falcons,Darnell Mooney,WR,,Limited Participation in Practice,
Sunday November 2,1:00 PM EST,CBS,Falcons,3-4,Patriots,6-2,Falcons,Storm Norton,T,,Full Participation in Practice,
Sunday November 2,1:00 PM EST,CBS,Falcons,3-4,Patriots,6-2,Falcons,Michael Penix Jr.,QB,,Limited Participation in Practice,
Sunday November 2,1:00 PM EST,CBS,Falcons,3-4,Patriots,6-2,Falcons,Kyle Pitts,TE,,Limited Participation in Practice,
Sunday November 2,1:00 PM EST,CBS,Falcons,3-4,Patriots,6-2,Falcons,Jalon Walker,LB,,Limited Participation in Practice,
Sunday November 2,1:00 PM EST,CBS,Falcons,3-4,Patriots,6-2,Falcons,Casey Washington,WR,,Did Not Participate In Practice,
Sunday November 2,1:00 PM EST,CBS,Falcons,3-4,Patriots,6-2,Patriots,Christian Barmore,DT,,Limited Participation in Practice,
Sunday November 2,1:00 PM EST,CBS,Falcons,3-4,Patriots,6-2,Patriots,Garrett Bradbury,C,,Limited Participation in Practice,
Sunday November 2,1:00 PM EST,CBS,Falcons,3-4,Patriots,6-2,Patriots,Stefon Diggs,WR,,Limited Participation in Practice,
Sunday November 2,1:00 PM EST,CBS,Falcons,3-4,Patriots,6-2,Patriots,Morgan Moses,T,,Did Not Participate In Practice,
Sunday November 2,1:00 PM EST,CBS,Falcons,3-4,Patriots,6-2,Patriots,Rhamondre Stevenson,RB,,Did Not Participate In Practice,
Sunday November 2,1:00 PM EST,CBS,Falcons,3-4,Patriots,6-2,Patriots,Khyiris Tonga,DT,,Limited Participation in Practice,
Sunday November 2,1:00 PM EST,CBS,Chargers,5-3,Titans,1-7,Chargers,Mekhi Becton,G,,Did Not Participate In Practice,
Sunday November 2,1:00 PM EST,CBS,Chargers,5-3,Titans,1-7,Chargers,Austin Deculus,T,,Limited Participation in Practice,
Sunday November 2,1:00 PM EST,CBS,Chargers,5-3,Titans,1-7,Chargers,Will Dissly,TE,,Did Not Participate In Practice,
Sunday November 2,1:00 PM EST,CBS,Chargers,5-3,Titans,1-7,Chargers,Hassan Haskins,RB,,Did Not Participate In Practice,
Sunday November 2,1:00 PM EST,CBS,Chargers,5-3,Titans,1-7,Chargers,Derwin James,S,,Limited Participation in Practice,
Sunday November 2,1:00 PM EST,CBS,Chargers,5-3,Titans,1-7,Chargers,Tony Jefferson,S,,Did Not Participate In Practice,
Sunday November 2,1:00 PM EST,CBS,Chargers,5-3,Titans,1-7,Chargers,Deane Leonard,CB,,Limited Participation in Practice,
Sunday November 2,1:00 PM EST,CBS,Chargers,5-3,Titans,1-7,Chargers,Ladd McConkey,WR,,Limited Participation in Practice,
Sunday November 2,1:00 PM EST,CBS,Chargers,5-3,Titans,1-7,Chargers,Jamaree Salyer,G,,Limited Participation in Practice,
Sunday November 2,1:00 PM EST,CBS,Chargers,5-3,Titans,1-7,Chargers,Tarheeb Still,CB,,Did Not Participate In Practice,
Sunday November 2,1:00 PM EST,CBS,Chargers,5-3,Titans,1-7,Chargers,Kendall Williamson,S,,Limited Participation in Practice,
Sunday November 2,1:00 PM EST,CBS,Chargers,5-3,Titans,1-7,Titans,Darrell Baker Jr.,CB,,Limited Participation in Practice,
Sunday November 2,1:00 PM EST,CBS,Chargers,5-3,Titans,1-7,Titans,Blake Hance,G,,Did Not Participate In Practice,
Sunday November 2,1:00 PM EST,CBS,Chargers,5-3,Titans,1-7,Titans,Arden Key,LB,,Did Not Participate In Practice,
Sunday November 2,1:00 PM EST,CBS,Chargers,5-3,Titans,1-7,Titans,James Lynch,DE,,Limited Participation in Practice,
Sunday November 2,1:00 PM EST,CBS,Chargers,5-3,Titans,1-7,Titans,Dan Moore Jr.,T,,Did Not Participate In Practice,
Sunday November 2,1:00 PM EST,CBS,Chargers,5-3,Titans,1-7,Titans,Chig Okonkwo,TE,,Limited Participation in Practice,
Sunday November 2,1:00 PM EST,CBS,Chargers,5-3,Titans,1-7,Titans,Bryce Oliver,WR,,Limited Participation in Practice,
Sunday November 2,1:00 PM EST,CBS,Chargers,5-3,Titans,1-7,Titans,Tony Pollard,RB,,Limited Participation in Practice,
Sunday November 2,1:00 PM EST,CBS,Chargers,5-3,Titans,1-7,Titans,Calvin Ridley,WR,,Did Not Participate In Practice,
Sunday November 2,1:00 PM EST,CBS,Chargers,5-3,Titans,1-7,Titans,Jeffery Simmons,DT,,Did Not Participate In Practice,
Sunday November 2,1:00 PM EST,CBS,Chargers,5-3,Titans,1-7,Titans,Xavier Woods,S,,Did Not Participate In Practice,
Sunday November 2,1:00 PM EST,CBS,Chargers,5-3,Titans,1-7,Titans,Kevin Zeitler,G,,Limited Participation in Practice,
Sunday November 2,1:00 PM EST,FOX,Vikings,3-4,Lions,5-2,Vikings,Christian Darrisaw,T,,Full Participation in Practice,
Sunday November 2,1:00 PM EST,FOX,Vikings,3-4,Lions,5-2,Vikings,Jonathan Greenard,LB,,Limited Participation in Practice,
Sunday November 2,1:00 PM EST,FOX,Vikings,3-4,Lions,5-2,Vikings,C.J. Ham,FB,,Did Not Participate In Practice,
Sunday November 2,1:00 PM EST,FOX,Vikings,3-4,Lions,5-2,Vikings,J.J. McCarthy,QB,,Full Participation in Practice,
Sunday November 2,1:00 PM EST,FOX,Vikings,3-4,Lions,5-2,Vikings,Jeff Okudah,CB,,Did Not Participate In Practice,
Sunday November 2,1:00 PM EST,FOX,Vikings,3-4,Lions,5-2,Vikings,Josh Oliver,TE,,Did Not Participate In Practice,
Sunday November 2,1:00 PM EST,FOX,Vikings,3-4,Lions,5-2,Vikings,Brian O'Neill,T,,Limited Participation in Practice,
Sunday November 2,1:00 PM EST,FOX,Vikings,3-4,Lions,5-2,Vikings,Isaiah Rodgers,CB,,Limited Participation in Practice,
Sunday November 2,1:00 PM EST,FOX,Vikings,3-4,Lions,5-2,Vikings,Andrew Van Ginkel,LB,,Full Participation in Practice,
Sunday November 2,1:00 PM EST,FOX,Vikings,3-4,Lions,5-2,Lions,Terrion Arnold,CB,,Full Participation in Practice,
Sunday November 2,1:00 PM EST,FOX,Vikings,3-4,Lions,5-2,Lions,Taylor Decker,T,,Limited Participation in Practice,
Sunday November 2,1:00 PM EST,FOX,Vikings,3-4,Lions,5-2,Lions,Kerby Joseph,S,,Did Not Participate In Practice,
Sunday November 2,1:00 PM EST,FOX,Vikings,3-4,Lions,5-2,Lions,Avonte Maddox,CB,,Limited Participation in Practice,
Sunday November 2,1:00 PM EST,FOX,Vikings,3-4,Lions,5-2,Lions,Al-Quadin Muhammad,DE,,Limited Participation in Practice,
Sunday November 2,1:00 PM EST,FOX,Vikings,3-4,Lions,5-2,Lions,Craig Reynolds,RB,,Did Not Participate In Practice,
Sunday November 2,1:00 PM EST,FOX,Vikings,3-4,Lions,5-2,Lions,Malcolm Rodriguez,LB,,Limited Participation in Practice,
Sunday November 2,1:00 PM EST,FOX,Vikings,3-4,Lions,5-2,Lions,Daniel Thomas,S,,Limited Participation in Practice,
Sunday November 2,1:00 PM EST,FOX,Vikings,3-4,Lions,5-2,Lions,Sione Vaki,RB,,Limited Participation in Practice,
Sunday November 2,1:00 PM EST,CBS,Bears,4-3,Bengals,3-5,Bears,Luther Burden III,WR,,Did Not Participate In Practice,
Sunday November 2,1:00 PM EST,CBS,Bears,4-3,Bengals,3-5,Bears,Roschon Johnson,RB,,Did Not Participate In Practice,
Sunday November 2,1:00 PM EST,CBS,Bears,4-3,Bengals,3-5,Bears,Cole Kmet,TE,,Limited Participation in Practice,
Sunday November 2,1:00 PM EST,CBS,Bears,4-3,Bengals,3-5,Bears,DJ Moore,WR,,Did Not Participate In Practice,
Sunday November 2,1:00 PM EST,CBS,Bears,4-3,Bengals,3-5,Bears,Rome Odunze,WR,,Did Not Participate In Practice,
Sunday November 2,1:00 PM EST,CBS,Bears,4-3,Bengals,3-5,Bears,Amen Ogbongbemiga,LB,,Full Participation in Practice,
Sunday November 2,1:00 PM EST,CBS,Bears,4-3,Bengals,3-5,Bears,Dominique Robinson,DE,,Did Not Participate In Practice,
Sunday November 2,1:00 PM EST,CBS,Bears,4-3,Bengals,3-5,Bears,Tyrique Stevenson,CB,,Limited Participation in Practice,
Sunday November 2,1:00 PM EST,CBS,Bears,4-3,Bengals,3-5,Bears,D'Andre Swift,RB,,Did Not Participate In Practice,
Sunday November 2,1:00 PM EST,CBS,Bears,4-3,Bengals,3-5,Bears,Olamide Zaccheaus,WR,,Did Not Participate In Practice,
Sunday November 2,1:00 PM EST,CBS,Bears,4-3,Bengals,3-5,Bengals,Dylan Fairchild,G,,Full Participation in Practice,
Sunday November 2,1:00 PM EST,CBS,Bears,4-3,Bengals,3-5,Bengals,Joe Flacco,QB,,Did Not Participate In Practice,
Sunday November 2,1:00 PM EST,CBS,Bears,4-3,Bengals,3-5,Bengals,Trey Hendrickson,DE,,Did Not Participate In Practice,
Sunday November 2,1:00 PM EST,CBS,Bears,4-3,Bengals,3-5,Bengals,Cedric Johnson,DE,,Full Participation in Practice,
Sunday November 2,1:00 PM EST,CBS,Bears,4-3,Bengals,3-5,Bengals,Dalton Risner,G,,Did Not Participate In Practice,
Sunday November 2,1:00 PM EST,CBS,Bears,4-3,Bengals,3-5,Bengals,Cameron Sample,DE,,Full Participation in Practice,
Sunday November 2,1:00 PM EST,CBS,Bears,4-3,Bengals,3-5,Bengals,Logan Wilson,LB,,Did Not Participate In Practice,
Sunday November 2,1:00 PM EST,CBS,Bears,4-3,Bengals,3-5,Bengals,Marco Wilson,CB,,Did Not Participate In Practice,
Sunday November 2,1:00 PM EST,CBS,Colts,7-1,Steelers,4-3,Colts,Nick Cross,S,,Did Not Participate In Practice,
Sunday November 2,1:00 PM EST,CBS,Colts,7-1,Steelers,4-3,Colts,Josh Downs,WR,,Did Not Participate In Practice,
Sunday November 2,1:00 PM EST,CBS,Colts,7-1,Steelers,4-3,Colts,Samson Ebukam,DE,,Did Not Participate In Practice,
Sunday November 2,1:00 PM EST,CBS,Colts,7-1,Steelers,4-3,Colts,Matt Goncalves,G,,Did Not Participate In Practice,
Sunday November 2,1:00 PM EST,CBS,Colts,7-1,Steelers,4-3,Colts,Anthony Gould,WR,,Did Not Participate In Practice,
Sunday November 2,1:00 PM EST,CBS,Colts,7-1,Steelers,4-3,Colts,Jaylon Jones,CB,,Full Participation in Practice,
Sunday November 2,1:00 PM EST,CBS,Colts,7-1,Steelers,4-3,Colts,Tyquan Lewis,DE,,Did Not Participate In Practice,
Sunday November 2,1:00 PM EST,CBS,Colts,7-1,Steelers,4-3,Colts,Kenny Moore II,CB,,Did Not Participate In Practice,
Sunday November 2,1:00 PM EST,CBS,Colts,7-1,Steelers,4-3,Colts,Braden Smith,T,,Did Not Participate In Practice,
Sunday November 2,1:00 PM EST,CBS,Colts,7-1,Steelers,4-3,Colts,Grover Stewart,DT,,Did Not Participate In Practice,
Sunday November 2,1:00 PM EST,CBS,Colts,7-1,Steelers,4-3,Steelers,Daniel Ekuale,DT,,Did Not Participate In Practice,
Sunday November 2,1:00 PM EST,CBS,Colts,7-1,Steelers,4-3,Steelers,DeShon Elliott,S,,Did Not Participate In Practice,
Sunday November 2,1:00 PM EST,CBS,Colts,7-1,Steelers,4-3,Steelers,Zach Frazier,C,,Did Not Participate In Practice,
Sunday November 2,1:00 PM EST,CBS,Colts,7-1,Steelers,4-3,Steelers,Pat Freiermuth,TE,,Did Not Participate In Practice,
Sunday November 2,1:00 PM EST,CBS,Colts,7-1,Steelers,4-3,Steelers,Malik Harrison,LB,,Full Participation in Practice,
Sunday November 2,1:00 PM EST,CBS,Colts,7-1,Steelers,4-3,Steelers,Will Howard,QB,,Full Participation in Practice,
Sunday November 2,1:00 PM EST,CBS,Colts,7-1,Steelers,4-3,Steelers,Scott Miller,WR,,Did Not Participate In Practice,
Sunday November 2,1:00 PM EST,CBS,Colts,7-1,Steelers,4-3,Steelers,Isaac Seumalo,G,,Did Not Participate In Practice,
Sunday November 2,1:00 PM EST,CBS,Colts,7-1,Steelers,4-3,Steelers,Ben Skowronek,WR,,Limited Participation in Practice,
Sunday November 2,1:00 PM EST,CBS,Colts,7-1,Steelers,4-3,Steelers,Jonnu Smith,TE,,Did Not Participate In Practice,
Sunday November 2,1:00 PM EST,CBS,Colts,7-1,Steelers,4-3,Steelers,Cory Trice Jr.,CB,,Full Participation in Practice,
Sunday November 2,1:00 PM EST,CBS,49ers,5-3,Giants,2-6,49ers,Ben Bartch,G,,Limited Participation in Practice,
Sunday November 2,1:00 PM EST,CBS,49ers,5-3,Giants,2-6,49ers,Jake Brendel,C,,Did Not Participate In Practice,
Sunday November 2,1:00 PM EST,CBS,49ers,5-3,Giants,2-6,49ers,Spencer Burford,T,,Full Participation in Practice,
Sunday November 2,1:00 PM EST,CBS,49ers,5-3,Giants,2-6,49ers,Alfred Collins,DT,,Did Not Participate In Practice,
Sunday November 2,1:00 PM EST,CBS,49ers,5-3,Giants,2-6,49ers,Kalia Davis,DT,,Full Participation in Practice,
Sunday November 2,1:00 PM EST,CBS,49ers,5-3,Giants,2-6,49ers,Jordan Elliott,DT,,Limited Participation in Practice,
Sunday November 2,1:00 PM EST,CBS,49ers,5-3,Giants,2-6,49ers,Yetur Gross-Matos,DE,,Did Not Participate In Practice,
Sunday November 2,1:00 PM EST,CBS,49ers,5-3,Giants,2-6,49ers,Bryce Huff,DE,,Did Not Participate In Practice,
Sunday November 2,1:00 PM EST,CBS,49ers,5-3,Giants,2-6,49ers,Jauan Jennings,WR,,Full Participation in Practice,
Sunday November 2,1:00 PM EST,CBS,49ers,5-3,Giants,2-6,49ers,Mac Jones,QB,,Full Participation in Practice,
Sunday November 2,1:00 PM EST,CBS,49ers,5-3,Giants,2-6,49ers,George Kittle,TE,,Full Participation in Practice,
Sunday November 2,1:00 PM EST,CBS,49ers,5-3,Giants,2-6,49ers,Christian McCaffrey,RB,,Did Not Participate In Practice,
Sunday November 2,1:00 PM EST,CBS,49ers,5-3,Giants,2-6,49ers,Sam Okuayinonu,DE,,Did Not Participate In Practice,
Sunday November 2,1:00 PM EST,CBS,49ers,5-3,Giants,2-6,49ers,Ricky Pearsall,WR,,Did Not Participate In Practice,
Sunday November 2,1:00 PM EST,CBS,49ers,5-3,Giants,2-6,49ers,Brock Purdy,QB,,Limited Participation in Practice,
Sunday November 2,1:00 PM EST,CBS,49ers,5-3,Giants,2-6,49ers,Upton Stout,CB,,Limited Participation in Practice,
Sunday November 2,1:00 PM EST,CBS,49ers,5-3,Giants,2-6,49ers,Keion White,DE,,Limited Participation in Practice,
Sunday November 2,1:00 PM EST,CBS,49ers,5-3,Giants,2-6,49ers,Trent Williams,T,,Did Not Participate In Practice,
Sunday November 2,1:00 PM EST,CBS,49ers,5-3,Giants,2-6,49ers,Dee Winters,LB,,Did Not Participate In Practice,
Sunday November 2,1:00 PM EST,CBS,49ers,5-3,Giants,2-6,Giants,Paulson Adebo,CB,,Did Not Participate In Practice,
Sunday November 2,1:00 PM EST,CBS,49ers,5-3,Giants,2-6,Giants,Daniel Bellinger,TE,,Did Not Participate In Practice,
Sunday November 2,1:00 PM EST,CBS,49ers,5-3,Giants,2-6,Giants,Beaux Collins,WR,,Limited Participation in Practice,
Sunday November 2,1:00 PM EST,CBS,49ers,5-3,Giants,2-6,Giants,Jermaine Eluemunor,T,,Did Not Participate In Practice,
Sunday November 2,1:00 PM EST,CBS,49ers,5-3,Giants,2-6,Giants,Cordale Flott,CB,,Did Not Participate In Practice,
Sunday November 2,1:00 PM EST,CBS,49ers,5-3,Giants,2-6,Giants,Chauncey Golston,DE,,Did Not Participate In Practice,
Sunday November 2,1:00 PM EST,CBS,49ers,5-3,Giants,2-6,Giants,Art Green,CB,,Did Not Participate In Practice,
Sunday November 2,1:00 PM EST,CBS,49ers,5-3,Giants,2-6,Giants,Jevon Holland,S,,Limited Participation in Practice,
Sunday November 2,1:00 PM EST,CBS,49ers,5-3,Giants,2-6,Giants,Jalin Hyatt,WR,,Did Not Participate In Practice,
Sunday November 2,1:00 PM EST,CBS,49ers,5-3,Giants,2-6,Giants,Chris Manhertz,TE,,Limited Participation in Practice,
Sunday November 2,1:00 PM EST,CBS,49ers,5-3,Giants,2-6,Giants,Rico Payton,CB,,Full Participation in Practice,
Sunday November 2,1:00 PM EST,CBS,49ers,5-3,Giants,2-6,Giants,Greg Van Roten,G,,Did Not Participate In Practice,
Sunday November 2,1:00 PM EST,FOX,Panthers,4-4,Packers,5-1-1,Panthers,Derrick Brown,DT,,Full Participation in Practice,
Sunday November 2,1:00 PM EST,FOX,Panthers,4-4,Packers,5-1-1,Panthers,Brady Christensen,T,,Did Not Participate In Practice,
Sunday November 2,1:00 PM EST,FOX,Panthers,4-4,Packers,5-1-1,Panthers,Andy Dalton,QB,,Did Not Participate In Practice,
Sunday November 2,1:00 PM EST,FOX,Panthers,4-4,Packers,5-1-1,Panthers,Jimmy Horn Jr.,WR,,Full Participation in Practice,
Sunday November 2,1:00 PM EST,FOX,Panthers,4-4,Packers,5-1-1,Panthers,Damien Lewis,G,,Full Participation in Practice,
Sunday November 2,1:00 PM EST,FOX,Panthers,4-4,Packers,5-1-1,Panthers,Cade Mays,C,,Did Not Participate In Practice,
Sunday November 2,1:00 PM EST,FOX,Panthers,4-4,Packers,5-1-1,Panthers,Taylor Moton,T,,Did Not Participate In Practice,
Sunday November 2,1:00 PM EST,FOX,Panthers,4-4,Packers,5-1-1,Panthers,Nick Scott,S,,Did Not Participate In Practice,
Sunday November 2,1:00 PM EST,FOX,Panthers,4-4,Packers,5-1-1,Panthers,Princely Umanmielen,LB,,Did Not Participate In Practice,
Sunday November 2,1:00 PM EST,FOX,Panthers,4-4,Packers,5-1-1,Panthers,Trevin Wallace,LB,,Did Not Participate In Practice,
Sunday November 2,1:00 PM EST,FOX,Panthers,4-4,Packers,5-1-1,Panthers,Bryce Young,QB,,Full Participation in Practice,
Sunday November 2,1:00 PM EST,FOX,Panthers,4-4,Packers,5-1-1,Panthers,Chandler Zavala,G,,Full Participation in Practice,
Sunday November 2,1:00 PM EST,FOX,Panthers,4-4,Packers,5-1-1,Packers,Aaron Banks,G,,Limited Participation in Practice,
Sunday November 2,1:00 PM EST,FOX,Panthers,4-4,Packers,5-1-1,Packers,Josh Jacobs,RB,,Limited Participation in Practice,
Sunday November 2,1:00 PM EST,FOX,Panthers,4-4,Packers,5-1-1,Packers,Brandon McManus,K,,Limited Participation in Practice,
Sunday November 2,1:00 PM EST,FOX,Panthers,4-4,Packers,5-1-1,Packers,Nick Niemann,LB,,Did Not Participate In Practice,
Sunday November 2,1:00 PM EST,FOX,Panthers,4-4,Packers,5-1-1,Packers,Zach Tom,T,,Limited Participation in Practice,
Sunday November 2,1:00 PM EST,FOX,Panthers,4-4,Packers,5-1-1,Packers,Lukas Van Ness,DE,,Did Not Participate In Practice,
Sunday November 2,1:00 PM EST,FOX,Panthers,4-4,Packers,5-1-1,Packers,Christian Watson,WR,,Limited Participation in Practice,
Sunday November 2,1:00 PM EST,FOX,Panthers,4-4,Packers,5-1-1,Packers,Dontayvion Wicks,WR,,Did Not Participate In Practice,
Sunday November 2,1:00 PM EST,FOX,Panthers,4-4,Packers,5-1-1,Packers,Devonte Wyatt,DT,,Limited Participation in Practice,
Sunday November 2,1:00 PM EST,FOX,Broncos,6-2,Texans,3-4,Broncos,Nate Adkins,TE,,Did Not Participate In Practice,
Sunday November 2,1:00 PM EST,FOX,Broncos,6-2,Texans,3-4,Broncos,Dre Greenlaw,LB,,Full Participation in Practice,
Sunday November 2,1:00 PM EST,FOX,Broncos,6-2,Texans,3-4,Broncos,P.J. Locke,S,,Limited Participation in Practice,
Sunday November 2,1:00 PM EST,FOX,Broncos,6-2,Texans,3-4,Broncos,Marvin Mims Jr.,WR,,Did Not Participate In Practice,
Sunday November 2,1:00 PM EST,FOX,Broncos,6-2,Texans,3-4,Broncos,Pat Surtain II,CB,,Did Not Participate In Practice,
Sunday November 2,1:00 PM EST,FOX,Broncos,6-2,Texans,3-4,Texans,Denico Autry,DE,,Did Not Participate In Practice,
Sunday November 2,1:00 PM EST,FOX,Broncos,6-2,Texans,3-4,Texans,Braxton Berrios,WR,,Limited Participation in Practice,
Sunday November 2,1:00 PM EST,FOX,Broncos,6-2,Texans,3-4,Texans,Nico Collins,WR,,Limited Participation in Practice,
Sunday November 2,1:00 PM EST,FOX,Broncos,6-2,Texans,3-4,Texans,Dylan Horton,DE,,Did Not Participate In Practice,
Sunday November 2,1:00 PM EST,FOX,Broncos,6-2,Texans,3-4,Texans,Alijah Huzzie,CB,,Full Participation in Practice,
Sunday November 2,1:00 PM EST,FOX,Broncos,6-2,Texans,3-4,Texans,Jakob Johnson,FB,,Limited Participation in Practice,
Sunday November 2,1:00 PM EST,FOX,Broncos,6-2,Texans,3-4,Texans,Christian Kirk,WR,,Limited Participation in Practice,
Sunday November 2,1:00 PM EST,FOX,Broncos,6-2,Texans,3-4,Texans,Jalen Pitre,S,,Limited Participation in Practice,
Sunday November 2,1:00 PM EST,FOX,Broncos,6-2,Texans,3-4,Texans,Dalton Schultz,TE,,Did Not Participate In Practice,
Sunday November 2,1:00 PM EST,FOX,Broncos,6-2,Texans,3-4,Texans,Laken Tomlinson,G,,Did Not Participate In Practice,
Sunday November 2,4:05 PM EST,FOX,Saints,1-7,Rams,5-2,Saints,Juwan Johnson,TE,,Full Participation in Practice,
Sunday November 2,4:05 PM EST,FOX,Saints,1-7,Rams,5-2,Saints,Alvin Kamara,RB,,Limited Participation in Practice,
Sunday November 2,4:05 PM EST,FOX,Saints,1-7,Rams,5-2,Saints,Devin Neal,RB,,Limited Participation in Practice,
Sunday November 2,4:05 PM EST,FOX,Saints,1-7,Rams,5-2,Saints,Chris Olave,WR,,Full Participation in Practice,
Sunday November 2,4:05 PM EST,FOX,Saints,1-7,Rams,5-2,Saints,Rashid Shaheed,WR,,Limited Participation in Practice,
Sunday November 2,4:05 PM EST,FOX,Saints,1-7,Rams,5-2,Saints,Alontae Taylor,CB,,Limited Participation in Practice,
Sunday November 2,4:05 PM EST,FOX,Saints,1-7,Rams,5-2,Rams,Rob Havenstein,T,,Limited Participation in Practice,
Sunday November 2,4:05 PM EST,FOX,Saints,1-7,Rams,5-2,Rams,Kamren Kinchens,S,,Limited Participation in Practice,
Sunday November 2,4:05 PM EST,FOX,Saints,1-7,Rams,5-2,Rams,Puka Nacua,WR,,Limited Participation in Practice,
Sunday November 2,4:05 PM EST,FOX,Saints,1-7,Rams,5-2,Rams,Darious Williams,CB,,Limited Participation in Practice,
Sunday November 2,4:05 PM EST,FOX,Jaguars,4-3,Raiders,2-5,Jaguars,Dyami Brown,WR,,Limited Participation in Practice,
Sunday November 2,4:05 PM EST,FOX,Jaguars,4-3,Raiders,2-5,Jaguars,Dennis Gardeck,LB,,Limited Participation in Practice,
Sunday November 2,4:05 PM EST,FOX,Jaguars,4-3,Raiders,2-5,Jaguars,Jourdan Lewis,CB,,Limited Participation in Practice,
Sunday November 2,4:05 PM EST,FOX,Jaguars,4-3,Raiders,2-5,Jaguars,Devin Lloyd,LB,,Limited Participation in Practice,
Sunday November 2,4:05 PM EST,FOX,Jaguars,4-3,Raiders,2-5,Jaguars,Quintin Morris,TE,,Limited Participation in Practice,
Sunday November 2,4:05 PM EST,FOX,Jaguars,4-3,Raiders,2-5,Jaguars,Eric Murray,S,,Did Not Participate In Practice,
Sunday November 2,4:05 PM EST,FOX,Jaguars,4-3,Raiders,2-5,Jaguars,Tim Patrick,WR,,Limited Participation in Practice,
Sunday November 2,4:05 PM EST,FOX,Jaguars,4-3,Raiders,2-5,Jaguars,Brian Thomas Jr.,WR,,Limited Participation in Practice,
Sunday November 2,4:05 PM EST,FOX,Jaguars,4-3,Raiders,2-5,Raiders,Brock Bowers,TE,,Full Participation in Practice,
Sunday November 2,4:05 PM EST,FOX,Jaguars,4-3,Raiders,2-5,Raiders,Adam Butler,DT,,Did Not Participate In Practice,
Sunday November 2,4:05 PM EST,FOX,Jaguars,4-3,Raiders,2-5,Raiders,Maxx Crosby,DE,,Did Not Participate In Practice,
Sunday November 2,4:05 PM EST,FOX,Jaguars,4-3,Raiders,2-5,Raiders,Lonnie Johnson,S,,Limited Participation in Practice,
Sunday November 2,4:05 PM EST,FOX,Jaguars,4-3,Raiders,2-5,Raiders,Jakobi Meyers,WR,,Full Participation in Practice,
Sunday November 2,4:05 PM EST,FOX,Jaguars,4-3,Raiders,2-5,Raiders,Aidan O'Connell,QB,,Full Participation in Practice,
Sunday November 2,4:05 PM EST,FOX,Jaguars,4-3,Raiders,2-5,Raiders,Isaiah Pola-Mao,S,,Full Participation in Practice,
Sunday November 2,4:25 PM EST,CBS,Chiefs,5-3,Bills,5-2,Chiefs,Nick Bolton,LB,,Full Participation in Practice,
Sunday November 2,4:25 PM EST,CBS,Chiefs,5-3,Bills,5-2,Chiefs,Marquise Brown,WR,,Did Not Participate In Practice,
Sunday November 2,4:25 PM EST,CBS,Chiefs,5-3,Bills,5-2,Chiefs,Kareem Hunt,RB,,Full Participation in Practice,
Sunday November 2,4:25 PM EST,CBS,Chiefs,5-3,Bills,5-2,Chiefs,Charles Omenihu,DE,,Full Participation in Practice,
Sunday November 2,4:25 PM EST,CBS,Chiefs,5-3,Bills,5-2,Chiefs,Isiah Pacheco,RB,,Did Not Participate In Practice,
Sunday November 2,4:25 PM EST,CBS,Chiefs,5-3,Bills,5-2,Chiefs,Josh Simmons,T,,Did Not Participate In Practice,
Sunday November 2,4:25 PM EST,CBS,Chiefs,5-3,Bills,5-2,Chiefs,Brashard Smith,RB,,Full Participation in Practice,
Sunday November 2,4:25 PM EST,CBS,Chiefs,5-3,Bills,5-2,Chiefs,Trey Smith,G,,Limited Participation in Practice,
Sunday November 2,4:25 PM EST,CBS,Chiefs,5-3,Bills,5-2,Chiefs,Jawaan Taylor,T,,Full Participation in Practice,
Sunday November 2,4:25 PM EST,CBS,Chiefs,5-3,Bills,5-2,Bills,Terrel Bernard,LB,,Full Participation in Practice,
Sunday November 2,4:25 PM EST,CBS,Chiefs,5-3,Bills,5-2,Bills,Joey Bosa,DE,,Limited Participation in Practice,
Sunday November 2,4:25 PM EST,CBS,Chiefs,5-3,Bills,5-2,Bills,Ray Davis,RB,,Did Not Participate In Practice,
Sunday November 2,4:25 PM EST,CBS,Chiefs,5-3,Bills,5-2,Bills,Shaq Thompson,LB,,Limited Participation in Practice,
Sunday November 2,4:25 PM EST,CBS,Chiefs,5-3,Bills,5-2,Bills,DaQuan Jones,DT,,Did Not Participate In Practice,
Sunday November 2,4:25 PM EST,CBS,Chiefs,5-3,Bills,5-2,Bills,Matt Milano,LB,,Full Participation in Practice,
Sunday November 2,4:25 PM EST,CBS,Chiefs,5-3,Bills,5-2,Bills,Josh Palmer,WR,,Did Not Participate In Practice,
Sunday November 2,4:25 PM EST,CBS,Chiefs,5-3,Bills,5-2,Bills,Jordan Phillips,DT,,Limited Participation in Practice,
Sunday November 2,4:25 PM EST,CBS,Chiefs,5-3,Bills,5-2,Bills,Matt Prater,K,,Limited Participation in Practice,
Sunday November 2,8:20 PM EST,NBC UNIVERSO,Seahawks,5-2,Commanders,3-5,Seahawks,Sam Darnold,QB,,Full Participation in Practice,
Sunday November 2,8:20 PM EST,NBC UNIVERSO,Seahawks,5-2,Commanders,3-5,Seahawks,Derick Hall,LB,,Limited Participation in Practice,
Sunday November 2,8:20 PM EST,NBC UNIVERSO,Seahawks,5-2,Commanders,3-5,Seahawks,Christian Haynes,G,,Full Participation in Practice,
Sunday November 2,8:20 PM EST,NBC UNIVERSO,Seahawks,5-2,Commanders,3-5,Seahawks,Cooper Kupp,WR,,Full Participation in Practice,
Sunday November 2,8:20 PM EST,NBC UNIVERSO,Seahawks,5-2,Commanders,3-5,Seahawks,DeMarcus Lawrence,LB,,Limited Participation in Practice,
Sunday November 2,8:20 PM EST,NBC UNIVERSO,Seahawks,5-2,Commanders,3-5,Seahawks,Julian Love,S,,Did Not Participate In Practice,
Sunday November 2,8:20 PM EST,NBC UNIVERSO,Seahawks,5-2,Commanders,3-5,Seahawks,Robbie Ouzts,FB,,Full Participation in Practice,
Sunday November 2,8:20 PM EST,NBC UNIVERSO,Seahawks,5-2,Commanders,3-5,Seahawks,Jarran Reed,DT,,Limited Participation in Practice,
Sunday November 2,8:20 PM EST,NBC UNIVERSO,Seahawks,5-2,Commanders,3-5,Seahawks,Eric Saubert,TE,,Did Not Participate In Practice,
Sunday November 2,8:20 PM EST,NBC UNIVERSO,Seahawks,5-2,Commanders,3-5,Seahawks,Leonard Williams,DE,,Limited Participation in Practice,
Sunday November 2,8:20 PM EST,NBC UNIVERSO,Seahawks,5-2,Commanders,3-5,Seahawks,Devon Witherspoon,CB,,Full Participation in Practice,
Sunday November 2,8:20 PM EST,NBC UNIVERSO,Seahawks,5-2,Commanders,3-5,Seahawks,Dareke Young,WR,,Did Not Participate In Practice,
Sunday November 2,8:20 PM EST,NBC UNIVERSO,Seahawks,5-2,Commanders,3-5,Commanders,Jayden Daniels,QB,,Full Participation in Practice,
Sunday November 2,8:20 PM EST,NBC UNIVERSO,Seahawks,5-2,Commanders,3-5,Commanders,Zach Ertz,TE,,Did Not Participate In Practice,
Sunday November 2,8:20 PM EST,NBC UNIVERSO,Seahawks,5-2,Commanders,3-5,Commanders,Matt Gay,K,,Did Not Participate In Practice,
Sunday November 2,8:20 PM EST,NBC UNIVERSO,Seahawks,5-2,Commanders,3-5,Commanders,Javon Kinlaw,DT,,Full Participation in Practice,
Sunday November 2,8:20 PM EST,NBC UNIVERSO,Seahawks,5-2,Commanders,3-5,Commanders,Terry McLaurin,WR,,Did Not Participate In Practice,
Sunday November 2,8:20 PM EST,NBC UNIVERSO,Seahawks,5-2,Commanders,3-5,Commanders,Von Miller,LB,,Did Not Participate In Practice,
Sunday November 2,8:20 PM EST,NBC UNIVERSO,Seahawks,5-2,Commanders,3-5,Commanders,Jer'Zhan Newton,DT,,Did Not Participate In Practice,
Sunday November 2,8:20 PM EST,NBC UNIVERSO,Seahawks,5-2,Commanders,3-5,Commanders,Laremy Tunsil,T,,Did Not Participate In Practice,
Sunday November 2,8:20 PM EST,NBC UNIVERSO,Seahawks,5-2,Commanders,3-5,Commanders,Bobby Wagner,LB,,Full Participation in Practice,
Sunday November 2,8:20 PM EST,NBC UNIVERSO,Seahawks,5-2,Commanders,3-5,Commanders,Colson Yankoff,TE,,Limited Participation in Practice